{
    "artist": "Maps",
    "title": "Tbilisi Map",
    "price": 25,
    "description": [
        "Size:70X70cm",
        "Material:Artificial Silk",
        "Washing instructions:Machine wash 30℃"
    ],
    "descriptionEn": [
        "Size:70X70cm",
        "Material:Artificial Silk",
        "Washing instructions:Machine wash 30℃"
    ],
    "descriptionGeo": [
        "ზომა:70X70სმ",
        "მატერიალი:ხელოვნური აბრეშუმი",
        "რეცხვის ინსტრუქცია: მანქანით რეცხვა 30â„ƒ"
    ]
}