{
    "artist": "Pablo Picasso",
    "title": "Guernica",
    "price": 1200000,
    "description": [
        "Guernica is a mural-sized painting depicting the horrors of war.",
        "It was created by Picasso in 1937 as a response to the bombing of Guernica during the Spanish Civil War.",
        "The painting is known for its powerful anti-war message and its use of abstract and symbolic imagery."
    ],
    "descriptionEn": [
        "Guernica is a mural-sized painting depicting the horrors of war.",
        "It was created by Picasso in 1937 as a response to the bombing of Guernica during the Spanish Civil War.",
        "The painting is known for its powerful anti-war message and its use of abstract and symbolic imagery."
    ],
    "descriptionGeo": [
        "ზომა:70X70სმ",
        "მატერიალი:ხელოვნური აბრეშუმი",
        "რეცხვის ინსტრუქცია: მანქანით რეცხვა 30â„ƒ"
    ]
}